host,host.inst.area,country,webpage,original.address,latitude,longitudeThe God's Project,Antigua,Antigua,<strong>www.godschild.org/countries/Antigua</strong>,Antigua,17.074656,-61.817521Royal Hobart Hospital,"Hobart, Tasmania",Australia,http://www.dhhs.tas.gov.au/hospital/royal-hobart-hospital,"Hobart, Tasmania",-42.881903,147.323814"Sydney Medical School Nepean, Nepean Hospital","Kingswood, Sydney",Australia,http://sydney.edu.au/medicine/nepean/about/,"Kingswood, Sydney",-33.758938,150.720068Nepean Hospital,"Kingswood, Sydney, New South Wales",Australia,"<a href=""http://www.nbmlhd.health.nsw.gov.au/nepean-hospital"" rel=""nofollow"">http://www.nbmlhd.health.nsw.gov.au/nepean-hospital</a>","Kingswood, Sydney, New South Wales, Australia.",-33.758938,150.720068Austin Health Hospital,Melbourne,Australia,www.austin.org.au,"Melbourne, Australia",-37.814107,144.96328Austin Hospital,Melbourne,Australia,http://www.austin.org.au/,"Melbourne, Australia",-37.814107,144.96328The Royal Children's Hospital,Melbourne,Australia,http://www.rch.org.au/home/,"Melbourne, Australia",-37.814107,144.96328"Neuropsychiatric Institute, Prince of Wales Hospital","Randwick, Sydney",Australia,not available currently,"Randwick, Sydney",-33.914437,151.241642Mona Vale Hospital,Sydney,Australia,http://www.nslhd.health.nsw.gov.au/Hospitals/MonaVale,Sydney,-33.867487,151.20699Northern Clinical School - Royal North Shore Hospital,Sydney,Australia,sydney.edu.au/medicine/northern/,Sydney,-33.867487,151.20699Royal North Shore Horspital,Sydney,Australia,http://sydney.edu.au/medicine/northern/electives/,Sydney,-33.867487,151.20699Royal Prince Alfred Hospital,Sydney,Australia,https://www.slhd.nsw.gov.au/rpa/,"Sydney, Australia",-33.867487,151.20699"Ryde Hospital, Northern Clinical School","Sydney, NSW",Australia,"<a href=""http://sydney.edu.au/medicine/northern/"" rel=""nofollow"" rel=""nofollow"">http://sydney.edu.au/medicine/northern/</a>","Sydney, NSW",-33.867487,151.20699Westmead Hospital,"Westmead, New South Wales",Australia,http://www.wslhd.health.nsw.gov.au/Westmead-Hospital,"Westmead, New South Wales",-33.807689,150.987277Westmead Hospital,"Westmead, New South Wales, Australia",Australia,"<a href=""http://www.wslhd.health.nsw.gov.au/Westmead-Hospital"" rel=""nofollow"">http://www.wslhd.health.nsw.gov.au/Westmead-Hospital</a>","Westmead, New South Wales, Australia",-33.807689,150.987277Nepean Hospital,Penrith.,Australia,http://www.nbmlhd.health.nsw.gov.au/nepean-hospital,"Penrith, Australia",-33.752178,150.691047Western Desert Dialysis,"Alice Springs, NT, Australia",Australia,http://www.westerndesertdialysis.com/,"Alice Springs, NT, Australia",-23.70021,133.880611Sanglah Hospital,"Denpasaar, Bali",Indonesia,Internationalunit_fk@yahoo.com,Denpasar神,-8.65,115.216667Sanglah Hospital,"Denpasaar, Bali",Indonesia,"<a href=""http://www.sanglahhospitalbali.com/v1/index.php"" rel=""nofollow"">http://www.sanglahhospitalbali.com/v1/index.php</a>",Denpasar,-8.65,115.216667Sanglah Hospital,"Denpasaar, Bali",Indonesia,n/a,"Denpasaar, Bali",-8.65,115.216667Western Regional Hospital,Belmopan,Belize,http://whr.health.gov.bz/,Belmopan,17.251389,-88.766944Western Regional Hospital,"Belmopan, Belize",Belize,http://whr.health.gov.bz/,"Belmopan, Belize",17.251389,-88.766944Trauma & Expedition Medicine Base Camp,Elijio Panti National Park,Belize,http://www.medforce.info,Belize,17.189877,-88.49765Hospital das Clinicas,So Paulo,Brazil,not available,"So Paulo, Brazil",-23.55052,-46.633309Peebles Hospital,"Road town, Tortola, BVI",British Virgin Islands,http://www.bvihsa.vg/,"Road town, Tortola, BVI",18.431389,-64.623056Sonja Kill Memorial Hospital,Kampot,Cambodia,www.skmh.org,Kampot,10.741209,104.193092Sonja Kill Memorial Hospital,Kampot,Cambodia,http://www.skmh.org,Kampot,10.741209,104.193092Sonja Kill Memorial Hospital,Kampot,Cambodia,http://www.skmh.org,"Kampot, Cambodia",10.741209,104.193092"Libin Cardiovascular Institute, Foothills Medical Centre",Calgary,Canada,http://www.libin.ucalgary.ca/,"Calgary, Canada",51.048615,-114.070846St. Michael's Hospital and Toronto Western Hospital,Toronto,Canada,"<div class=""_pe_a _pe_X _pe_t1 _pe_b""><span class=""_pe_e""><span class=""bidi allowTextSelection"">medicine.intelective@utoronto.ca</span></span>  <div></div> </div>",Toronto,43.653226,-79.383184University of Toronto,Toronto,Canada,"<a href=""http://www.utoronto.ca/"" rel=""nofollow"">http://www.utoronto.ca/</a>",Toronto,43.653226,-79.383184University of British Columbia,Vancouver,Canada,www.ubc.ca,,51.578654,-3.031228Queen Mary Hospital,Hong Kong,China,http://www.med.hku.hk/v1/,Hong Kong,22.396428,114.109497Rarotonga Hospital,"Avarua, Rarotonga, Cook Islands",Cook Islands,http://www.health.gov.ck,"Avarua, Rarotonga, Cook Islands",-21.212901,-159.782306Rarotonga Hospital,"Avarua, Rarotonga, Cook Islands",Cook Islands,Not Available,"Avarua, Rarotonga, Cook Islands",-21.212901,-159.782306Hospital Universitario,Havana,Cuba,http://www.sld.cu/,Havana,23.159167,-82.271056"Nicosia General Hospital, Cyprus.",Nicosia,Cyprus,"Project 2: aieridou@mphs.moh.gov.cy(Health Services Senior Officer at the Nicosia, General Hospital, Nicosia, Cyprus).","Nicosia, CYPRUS",35.166667,33.366667World Health Organisation Regional Office for Europe,Copenhagen,Denmark,http://www.euro.who.int/en/home,Copenhagen,55.676097,12.568337Cinterandes Foundation - Hospital de IESS and Subcentro de Salud San Pedo El Cebollar,Cuenca,Ecuador,www.cinterandes.org,"Cuenca, Ecuador",-2.900128,-79.005896The Cinterandes Foundation,"Cuenca, Ecuador",Ecuador,www.cinterandes.org,"Cuenca, Ecuador",-2.900128,-79.005896Marlow Medical Group," Marlow,Bucks",England,http://www.marlowdoctors.co.uk/,"Marlow,Bucks",51.571944,-0.776942Liverpool Womens Hospital.,"Liverpool, England",England,http://www.liverpoolwomens.nhs.uk/,"Liverpool, England",53.408371,-2.991573Great Ormond Street Hospital,London,England,http://www.gosh.nhs.uk/working-here/career-development/medical-students/,London,51.507351,-0.127758"Silver Lea, Tiverton Hospital",North Devon,England,http://www.northdevonhealth.nhs.uk/services/community/tiverton/ ,"North Devon, UK",51.087157,-4.078664Salisbury District Hospital,Wiltshire,England,http://www.nhs.uk/Services/hospitals/Overview/DefaultView.aspx?id=RNZ02,Wiltshire,51.246271,-1.992213Chelsea and Westminster Hospital,London,England,http://www.chelwest.nhs.uk/,London,51.507351,-0.127758Moorfields Eye Hospital,London,England,http://www.moorfields.nhs.uk,,51.507351,-0.127758Queen Alexandra Hospital ,Portsmouth ,England,,"Portsmouth, UK",50.816667,-1.083333The Ipswich Hospital,"Suffolk,",England,http://www.ipswichhospital.nhs.uk/,"Suffolk, UK",52.187247,0.97078Essex & Herts Air Ambulance Trust,Essex &amp; Hertfordshire.,England,http://www.essexairambulance.uk.com/,Essex &amp; Hertfordshire.,51.868015,0.171263"St Thomas' Hospital, Guys and St Thomas NHS Trust","London, UK",England,http://www.guysandstthomas.nhs.uk/Home.aspx,"London, UK",51.507351,-0.127758"King's College London School of Medicine, St. Thomas' Hospital.","Guy's and St. Thomas' NHS Foundation Trust (South Thames Deanery), Westminster, London.",England,www.guysandstthomas.nhs.uk,"Guy's and St. Thomas' NHS Foundation Trust (South Thames Deanery), Westminster, London.",51.500175,-0.133233"Royal United Hospital, Bath.","Bath, England.",England,"<cite class=""_Rm"">www.<b>ruh</b>.nhs.uk</cite>","Bath, England.",51.375801,-2.359904CURE Hospital,Addis Ababa,Ethiopia,https://cure.org/ethiopia/,Addis Ababa,8.980603,38.757761CURE Hospital Ethiopia,Addis Ababa,Ethiopia,https://cure.org/ethiopia/,Addis Ababa,8.980603,38.757761"Levuka Hospital, Fiji","Levuka, Ovalau Island, Fiji",Fiji,n/a,"Levuka, Ovalau Island, Fiji",-17.681723,178.832302Levuka Hospital,"Levuka, Ovalau, Fiji Islands",Fiji,N/A</p> <br> <p>Elective network website:</p> <p>http://www.electives.net/hospital/3123/preview,"Levuka, Ovalau, Fiji Islands",-17.688972,178.807089La General Hospital,"Labadi, Accra",Ghana,n/a,"Labadi, Accra",5.569583,-0.156521Saint Augustine's Medical Services,St George's,Grenada,http://www.samsgrenada.com/,"St George's, Grenada",12.056098,-61.7488The God's Child Project,Guatemala,Guatemala,http://www.godschild.org/countries/guatemala/,Guatemala,15.783471,-90.230759Li Ka Shing Faculty of Medicine,Pok Fu Lam,Hong Kong,http://www.med.hku.hk/v1/,Pok Fu Lam,22.26792,114.129072Alpha palliative care,Kochi,India,http://www.alphapalliativecare.org,Kochi,9.931233,76.267304Lady Willingdon Hospital,Manali,India,http://www.manalihospital.com,Manali,32.239633,77.188715Lady Willingdon Hospital,"Manali, Kullu Valley, Himachal Pradesh",India,http://www.manalihospital.com/,"Manali, Kullu Valley, Himachal Pradesh",32.01132,77.129605Bel Air Hospital,Panchgani,India,"<a href=""http://www.belairpanchgani.org"" rel=""nofollow"">http://www.belairpanchgani.org</a>",Panchgani,17.92395,73.803675Bel-Air Red Cross Hospital,"Panchgani, Maharashtra.",India,http://www.belairpanchgani.org,"Panchgani, Maharashtra.神",17.92395,73.803675Gandhi Hospital,"Phagwara (Punjab, India)",India,N/A,"Phagwara (Punjab, India)",31.22402,75.770801Gandhi Hospital,"Phagwara, Punjab",India,n/a,"Phagwara, Punjab",31.22402,75.770801Gandhi Hospital,"Phagwara, Punjab, India",India,N/A,"Phagwara, Punjab, India",31.22402,75.770801RSUP Sanglah,Denpasar,Indonesia,http://www.sanglahhospitalbali.com,"Denpasar, Indonesia",-8.65,115.216667The Weizmann Institute of Science,"Rehovot, Israel",Israel,www.weizmann.ac.il/,"Rehovot, Israel",31.892773,34.811272Universit Degli Studi di Napoli Federico II,"Naples, Italy",Italy,http://www.medicina.unina.it/home/,"Naples, Italy",40.882994,14.286579"St Luke's International Hospital, Chuo ",Tokyo ,Japan,,"Tokyo, Japan",35.709026,139.731992Prince Fiasal Hospital + Al Khaldi Hospital,Al Ruseifeh + Amman,Jordan,none,Al Ruseifeh + Amman,31.956578,35.945695King Abdullah University Hospital,Irbid,Jordan,http://www.kauh.jo/,Irbid,32.545442,35.857153Kenyatta National Hospital (through University of Nairobi),Nairobi,Kenya,http://knh.or.ke/</p> <p>http://med-school.uonbi.ac.ke/,Nairobi,-1.292066,36.821946St Martins Hospital,Malindi; Mangochi Area.,Malawi,http://stmartinshospital.cfsites.org/custom.php?pageid=18314 <br>,Malindi; Mangochi Area.神,-3.219186,40.116891St Martin's Hospital,Mangochi,Malawi,http://stmartinshospital.cfsites.org/,Mangochi,-14.486173,35.253304Hospital Sultanah Bahiyah,Alor Setar,Malaysia,http://hsbas.moh.gov.my/eng/,"Kedah, Malaysia",6.118396,100.368459Hospital Sultanah Aminah,"Johor Bahru, Johor",Malaysia,http://hsajb.moh.gov.my/versibaru/,"Johor Bahru, Johor",1.492659,103.741359Hospital Seri Manjung,"Manjung, Perak, Malaysia",Malaysia,not applicable,"Manjung, Perak, Malaysia",4.402249,100.709787Seberang Jaya Hospital,Penang,Malaysia,,"Penang, Malaysia",5.414921,100.329761Hospital Tuanku Fauziah,Perlis,Malaysia,htfps@moh.gov.my,Perlis (peninsular Malaysia),4.210484,101.975766Hospital Serdang,"Sepang, Malaysia",Malaysia,hserdang.moh.gov.my,"Sepang, Malaysia",2.691369,101.750527Hospital Sultan Haji Ahmad Shah,"Temerloh, Pahang",Malaysia,http://hoshas.moh.gov.my/v4/,"Temerloh, Pahang",3.448649,102.416348Mater Dei General Hospital,Msida,Malta,https://ehealth.gov.mt/HealthPortal/health_institutions/hospital_services/mater_dei_hospital/mater_dei.aspx,Msida,35.897778,14.489444Pierre Zobda Quitman,Fort de France,Martinique,http://www.chu-fortdefrance.fr/,Fort de France,14.616065,-61.05878Pierre Zobda Quitman Hospital,Fort De France,Martinique,www.universityhospitalmartinique.fr,Fort De France,14.616065,-61.05878CHU (Centre Hospitalier Universitaire)de Martinique,Fort-de-France,Martinique,"<a href=""http://www.chu-fortdefrance.fr/"" rel=""nofollow"">http://www.chu-fortdefrance.fr/</a>",Fort-de-France,14.616065,-61.05878"Hospital de Pediatria, Centro Medico Nacional Siglo XXI",Mexico City,Mexico,http://edumed.imss.gob.mx/pediatria/index.htm,Mexico City,19.432608,-99.133208National Medical College Birgunj,Birgunj,Nepal,"<a href=""http://nmcbir.edu.np/"" rel=""nofollow"">http://nmcbir.edu.np/</a>",Birgunj,27,84.866667Nepal Medical College and Teaching Hospital,Kathmandu city,Nepal,http://www.nmcth.edu,Kathmandu city,27.7,85.333333National Medical College; Birgunj,Birgunj,Nepal ,http://www.nmcbir.edu.np/,,27,84.866667Starship Children's Health,Auckland,New Zealand,https://www.starship.org.nz/,Auckland,-36.84846,174.763332Starship Hospital.,Auckland,New Zealand,https://www.starship.org.nz/,Auckland神,-36.84846,174.763332Middlemore Hospital,"Auckland, New Zealand",New Zealand,http://www.healthpoint.co.nz/middlemore-hospital/,"Auckland, New Zealand",-36.84846,174.763332Starship Hospital,"Auckland, New Zealand",New Zealand,"<a href=""mailto:p.elgar@auckland.ac.nz"" tabindex=""0"" style=""line-height: 18.46px;font-weight: normal;text-decoration: underline;color: blue;cursor: pointer;font-family: Tahoma;font-size: 13.0px;font-style: normal;font-variant: normal;letter-spacing: normal;text-indent: 0.0px;text-transform: none;white-space: normal;word-spacing: 0.0px;"" rel=""nofollow""><span style=""line-height: normal;font-family: Calibri;font-size: xx-small;"">p.elgar@auckland.ac.nz</span></a></p> <p><span style=""line-height: normal;font-family: Calibri;font-size: xx-small;"">This was our contact at Auckland University who arranged the elective.</span>","Auckland, New Zealand",-36.84846,174.763332Casebrook Surgery - General Practice Surgery</p> <p>Te Rawhiti Family Care - General Practice Surgery <br>,"Casebrook, Christchurch</p> <p>Aranui, Christchurch",New Zealand,"<a href=""http://www.casebrooksurgery.co.nz/"" rel=""nofollow"">http://www.casebrooksurgery.co.nz/</a></p> <br> <p><a href=""http://www.terawhitifamilycare.co.nz/"" rel=""nofollow"">http://www.terawhitifamilycare.co.nz/</a>","Casebrook, Christchurch</p> <p>Aranui, Christchurch",-43.477265,172.606783Christchurch Hospital,Christchurch,New Zealand,"<a href=""http://www.cdhb.health.nz/Hospitals-Services/hospitals/Christchurch-Hospital/Pages/default.aspx"" rel=""nofollow"">http://www.cdhb.health.nz/Hospitals-Services/hospitals/Christchurch-Hospital/Pages/default.aspx</a> <br>",Christchurch,-43.532054,172.636225Christchurch Hospital,Christchurch,New Zealand,http://www.cdhb.health.nz/Hospitals-Services/hospitals/Christchurch-Hospital/Pages/default.aspx,Christchurch,-43.532054,172.636225Christchurch Hospital,Christchurch,New Zealand,http://www.cdhb.health.nz/Hospitals-Services/hospitals/Christchurch-Hospital/Pages/default.aspx,Christchurch,-43.532054,172.636225"Christchurch Hospital, University of Dunedin",Christchurch,New Zealand,www.otago.ac.nz/christchurch/index.html,Christchurch,-43.532054,172.636225"Chrsitchurch Hosptial, University of Otago",Christchurch,New Zealand,"<a href=""http://www.otago.ac.nz/christchurch/study/otago013588.html"" rel=""nofollow"" rel=""nofollow"">http://www.otago.ac.nz/christchurch/study/otago013588.html</a>",Christchurch,-43.532054,172.636225Princess Margaret Hospital,Christchurch,New Zealand,www.otago.ac.nz/christchurch,Christchurch,-43.532054,172.636225Christchurch Public Hospital,"Christchurch, New Zealand",New Zealand,<Unanswered>,"Christchurch, New Zealand",-43.532054,172.636225Gisborne Hospital,Gisborne,New Zealand,http://www.tdh.org.nz <br>,Gisborne,-38.662334,178.017649Waikato clinical school,Hamilton,New Zealand,https://www.fmhs.auckland.ac.nz/en/som/about/clinical-schools/waikato.html,"Hamilton, New Zealand,",-37.787001,175.279253Waikato Hospital,Hamilton,New Zealand,"<div><span class="" fz-ms fw-m fc-12th wr-bw""><a href=""http://www.waikatodhb.health.nz"" rel=""nofollow"" rel=""nofollow"">www.waikatodhb.health.nz</a> </span></div>","Hamilton, New Zealand,",-37.787001,175.279253Waikato Hospital,Hamilton,New Zealand,http://www.waikatodhb.health.nz,"Hamilton, New Zealand,",-37.787001,175.279253"Waikato Hospital, Hamilton, Waikato District Health Board",Hamilton,New Zealand,"<a href=""http://www.waikatodhb.health.nz"" rel=""nofollow"">www.waikatodhb.health.nz</a>","Hamilton, New Zealand,",-37.787001,175.279253Waikato Hospital,Hamilton,New Zealand,"<span style=""color: rgb(0,102,33);font-family: arial , sans-serif;font-size: 14.0px;font-style: normal;font-variant: normal;font-weight: normal;letter-spacing: normal;line-height: 16.0px;orphans: 2;text-indent: 0.0px;text-transform: none;white-space: nowrap;widows: 2;word-spacing: 0.0px;"">www.</span><b style=""color: rgb(0,102,33);font-family: arial , sans-serif;font-size: 14.0px;font-style: normal;font-variant: normal;letter-spacing: normal;line-height: 16.0px;orphans: 2;text-indent: 0.0px;text-transform: none;white-space: nowrap;widows: 2;word-spacing: 0.0px;"">waikatodhb</b><span style=""color: rgb(0,102,33);font-family: arial , sans-serif;font-size: 14.0px;font-style: normal;font-variant: normal;font-weight: normal;letter-spacing: normal;line-height: 16.0px;orphans: 2;text-indent: 0.0px;text-transform: none;white-space: nowrap;widows: 2;word-spacing: 0.0px;"">.health.nz</span>","Hamilton, New Zealand,",-37.787001,175.279253Middlemore Hospital and Auckland City Hospital,Middlemore &amp; Auckland,New Zealand,"<a href=""https://www.fmhs.auckland.ac.nz/en/faculty/for/international-students/electives.html"" rel=""nofollow"" rel=""nofollow"">https://www.fmhs.auckland.ac.nz/en/faculty/for/international-students/electives.html</a>",Middlemore &amp; Auckland,-36.993956,174.877198Taranaki Base Hospital,New Plymouth,New Zealand,"<span style=""font-size: 11.0pt;line-height: 115.0%;font-family: Calibri , sans-serif;"">www.tdhb.org.nz</span>",New Plymouth,-39.055625,174.075228Taranaki Base Hospital,New Plymouth,New Zealand,"<a href=""http://www.tdhb.org.nz/hospitals/base_hospital.shtml"" rel=""nofollow"" rel=""nofollow"">http://www.tdhb.org.nz/hospitals/base_hospital.shtml</a> <br>",New Plymouth,-39.055625,174.075228Thames Hospital,"Thames, Waikato.",New Zealand,http://www.waikatodhb.health.nz/for-patients-and-visitors/where-are-you-visiting/thames-hospital/,"Thames, Waikato.",-37.138442,175.54135Wellington Hospital,"Wellington, New Zealand",New Zealand,"<a href=""http://www.ccdhb.org.nz/aboutus/"" rel=""nofollow"">http://www.ccdhb.org.nz/aboutus/</a>","Wellington, New Zealand",-41.28646,174.776236Wellington Regional Hospital,"Wellington, New Zealand",New Zealand,<strong>www.otago.ac.nz/wellington/study/electives</strong>,"Wellington, New Zealand",-41.28646,174.776236Whakatane Hospital,Whakatane,New Zealand,"<a href=""http://www.bopdhb.govt.nz/going-to-hospital/whakatane-hospital/#sthash.5Fk6Q4pC.SDnTRBDk.dpbs"" rel=""nofollow"">http://www.bopdhb.govt.nz/going-to-hospital/whakatane-hospital/#sthash.5Fk6Q4pC.SDnTRBDk.dpbs</a>",Whakatane,-37.953411,176.990801Whakatane Hospital,Whakatane,New Zealand,http://www.bopdhb.govt.nz/going-to-hospital/whakatane-hospital/#sthash.kere4uRe.dpbs,Whakatane,-37.953411,176.990801Whakatane Hospital,"Whakatane, Bay of Plenty",New Zealand,<Unanswered>,"Whakatane, Bay of Plenty",-37.953411,176.990801Whakatane Hospital,"Whakatane, Bay of Plenty",New Zealand,http://www.bopdhb.govt.nz/,"Whakatane, Bay of Plenty",-37.953411,176.990801Thames Hospital,Thames,New Zealand,http://www.waikatodhb.health.nz/for-patients-and-visitors/where-are-you-visiting/thames-hospital/,Thames,-37.138442,175.54135Christchurch General Hospital,Christchurch,New Zealand,"<span style=""font-size: 12.0pt;font-family: Cambria;"">Elective officers web address: <a href=""mailto:rowena.fisher@otago.ac.nz"" rel=""nofollow"">rowena.fisher@otago.ac.nz</a></span>","Christchurch, New Zealand",-43.532054,172.636225Altnagelvin Area Hospital,"Derry, Northern Ireland ",Northern Ireland,,"Derry, Northern Ireland",54.996612,-7.308575Floating Doctors,"Bocas del Toro, Panama",Panama,http://floatingdoctors.com/,"Bocas del Toro, Panama",9.340556,-82.240556Floating Doctors Panama,"Bocas del Toro, Panama",Panama,http://floatingdoctors.com/,"Bocas del Toro, Panama",9.340556,-82.240556Antonio Lorena Hospital,Cusco,Peru,http://www.hospitalantoniolorena.com,Cusco,-13.53195,-71.967463Hospital Antonio Lorena,Cusco,Peru,N/A,Cusco,-13.53195,-71.967463"Hospital Essalud, Cusco",Cusco,Peru,Not available,Cusco,-13.53195,-71.967463"Hospital Nivel IV Adolfo Guevara Velasco (EsSalud), Cusco",Cusco,Peru,n/a,Cusco,-13.53195,-71.967463Hospital Antonio Lorena,"Cusco, Peru",Peru,www.hospitalantoniolorena.com,"Cusco, Peru",-13.53195,-71.967463Hospital Antonio Lorena,"Cusco, Peru",Peru,http://www.hospitalantoniolorena.com/,"Cusco, Peru",-13.53195,-71.967463"Hospital Antonio Lorena Cusco, Peru","Cusco, Peru",Peru,http://www.hospitalantoniolorena.com,"Cusco, Peru",-13.53195,-71.967463Hospital Nacional Adolfo Guevara Valasco,"Cusco, Peru",Peru,www.medicalelectives.cc,"Cusco, Peru神",-12.053005,-77.026593"Hospital Essalud Adolfo Guevara (Cusco, Peru) and Santa Rosa Hospital (Puerto Maldonado, Peru)","Cusco, Peru and Puerto Maldonado, Peru",Peru,Not available,"Cusco, Peru and Puerto Maldonado, Peru",-12.588321,-69.185578"Essalud Cusco, Adolfo Guavera</p> <p>Puerta Maldonado Hospital","Cusco, Peru</p> <p>Puerto Maldonado, Peru",Peru,Not available,"Cusco, Peru</p> <p>Puerto Maldonado, Peru",-12.588321,-69.185578Amazon Hope 2 Boat</p> <p>Hospital Edguardo Rebagliati Martines,Maranon River</p> <p>Lima,Peru,http://www.vinetrust.org/</p> <p>N/A,Maranon River</p> <p>Lima,-12.046374,-77.042793Tacloban City Hospital,"Tacloban, Leyte Province",Philippines,<strong>Volunteer Website:</strong>http://www.visayans.org/</p> <p><strong>Volunteer Co-ordinator Email:   </strong>ester.costim@visayans.org</p> <p><strong>General Volunteer Company Email:</strong>   vfv.info@visayans.org,"Tacloban, Leyte Province",11.250428,125.003911Volunteer for the Visayans NGO charity organization- Tacloban City Hospital,"Tacloban, Leyte, Philippines",Philippines,www.visayans.org,"Tacloban, Leyte, Philippines神",11.25,125Victoria General Hospital (Saint Lucia)</p> <p>,Castries</p> <p>,St Lucia,"<a href=""http://www.medforce.info/"" rel=""nofollow"" rel=""nofollow"">Not</a> available",Castries</p> <p>神,14.010109,-60.987469"Milton Cato Memorial Hospital, Kingstown, Saint Vincent.",Kingstown,St Vincent and The Grenadines,Email -kghsvg@vincysurf.com,Kingstown,13.157778,-61.225Tupua Tamasese Maeole (TTM) Hospital Samoa.,"Moto'otua, Apia, Samoa",Samoa,http://www.health.gov.ws,"Moto'otua, Apia, Samoa",-13.846056,-171.762979Tupua Tamasese Meaole Hospital,Apia,Samoa,veronika.wong@oum.edu.ws,Apia,-13.833333,-171.75"Tupua Tamasese Meaole (TTM) Hospital, Apia",Apia,Samoa,n/a,Apia,-13.833333,-171.75Tupua Tamasese Meaole Hospital,Apia,Samoa,N/A,Apia,-13.833333,-171.75Tupua Tamasese Meaole Hospital,Apia,Samoa,Not available,Apia,-13.833333,-171.75Tupua Tamasese Meaole Hospital,Apia,Samoa,N/a,Apia,-13.833333,-171.75Tupua Tamasese Meaole Hospital,Apia,Samoa,It doesn't have its own web page,Apia,-13.833333,-171.75Tupua Tamasese Meaole Hospital,Apia,Samoa,http://www.health.gov.ws/,Apia,-13.833333,-171.75Tupua Tamasese Meaole Hospital,Apia,Samoa,Not available,Apia,-13.833333,-171.75"Tupua Tamasese Meaole Hospital, Apia","Apia, Samoa",Samoa,n/a,"Apia, Samoa神",-13.833333,-171.75Tupua Tamasese Meaole Hospital</p> <p>National University of Samoa,"Apia, Samoa",Samoa,http://www.nus.edu.ws,"Apia, Samoa",-13.833333,-171.75University of Samoa - Faculty of Medicine and Tupua Tamasese Meaole (TTM) Hospita,"Apia, Samoa",Samoa,"There is no website available for TTM hospital, Apia, Samoa. The centre contact was Mrs Veronika Wong, who I contacted at <span style=""font-size: small;font-family: arial , helvetica , sans-serif;"">v.wong@nus.edu.ws. </span></p> <p>However, the website for Altnagelvin Area Hospital is http://www.westerntrust.hscni.net/AltnagelvinHospital.htm. My contact at the hospital was Mrs Alison Heath, contactable on <span style=""font-size: 11.0pt;font-family: Calibri , sans-serif;color: black;""><a href=""mailto:Alison.Heath@westerntrust.hscni.net"" target=""_blank"" rel=""nofollow"" rel=""nofollow"">Alison.Heath@westerntrust.hscni.net</a></span>.","Apia, Samoa",-13.833333,-171.75"Western General Hospital, Edinburgh, NHS Lothian","City of Edinburgh, Lothian",Scotland,,"Edinburgh, Scotland",55.953252,-3.188267The Belford Hospital,"Fort William, Scotland",Scotland,http://www.nhshighland.scot.nhs.uk/Services/Pages/BelfordHospital.aspx,"Fort William, Scotland",56.819817,-5.105218National Referral Hospital,Honiara,Solomon Islands,,<span style=color: rgb(0,-9.435092,159.951239National Referral Hospital and Taro Hospital,"Honiara, Guadalcanal Province and Taro, Choiseul Province respectively.",Solomon Islands,"No official website, howeverhttp://www.hermannoberli.ch/general_e.htm is a good website for information on hositals in Solomon Islands.","Honiara, Guadalcanal Province and Taro, Choiseul Province respectively.",-9.435092,159.951239Taro Hospital,"Taro, Choiseul Province",Solomon Islands,http://www.hermannoberli.ch/taro_hosp.htm,"Taro, Solomon Islands",-6.709002,156.395903Tintswalo Hospital,Acornhoek,South Africa,http://doctors-hospitals-medical-cape-town-south-africa.blaauwberg.net/hospitals_clinics_state_hospitals/tintswalo_hospital_acornhoek_mpumalanga_south_africa,Acornhoek,-24.600617,31.085102"Tintswalo Hospital, Acornhoek",Acornhoek,South Africa,N/A,Acornhoek,-24.600617,31.085102Tintswalow Hospital,"Acornhoek, Limpopo, South Africa",South Africa,n/a,"Acornhoek, Limpopo, South Africa",-24.600617,31.085102Tintswalo Hospital,"Acornhoek, Mpumalanga province",South Africa,N/A,"Acornhoek, Mpumalanga province",-24.600617,31.085102Tintswalo Hospital,"Acornhoek, Mpunalanga province",South Africa,N/A None availble,"Acornhoek, Mpunalanga province",-24.600617,31.085102Tygerberg Hospital,"Bellville, Cape Town",South Africa,N/A,"Bellville, Cape Town神",-33.90591,18.62815South Africa: Charlotte Maxeke Johannesburg Academic Hospital</p> <p>USA: ,Johannesburg,South Africa,http://www.wits.ac.za/,Johannesburg,-26.204103,28.047305Steve Biko Academic Hospital,Pretoria,South Africa,http://www.pah.org.za/ <br> <br>,Pretoria,-25.746111,28.188056"Steve Biko Academic Hospital, Pretoria",Pretoria,South Africa,http://www.pah.org.za/,Pretoria,-25.746111,28.188056Steve Biko Academic Hospital</p> <p>University of Pretoria,"Pretoria, Gauteng Province, South Africa",South Africa,http://www.pah.org.za</p> <p>http://www.up.ac.za,"Pretoria, Gauteng Province, South Africa",-25.746111,28.188056Steve Biko Hospital,"Pretoria, South Africa",South Africa,<Unanswered>,"Pretoria, South Africa神",-25.746111,28.188056Chris Hani Baragwanath Academic Hospital,"Soweto, Johannesburg",South Africa,http://baragwanathtrauma.com/,"Soweto, Johannesburg",-26.248538,27.854032Steve Biko Teaching Hospital,Pretoria,South Africa,,"Pretoria, South Africa",-25.746111,28.188056Seoul National University Hospital.</p> <p>Aribio.,Seoul,South Korea,https://www.snuh.org/english/</p> <p>http://www.aribio.com/new/dok.html <br>,"Seoul, South Korea",37.566535,126.977969"Faculty of Medicine, University of Colombo, Sri Lanka",Colombo,Sri Lanka,"<a href=""http://www.cmb.ac.lk/"" rel=""nofollow"">http://www.cmb.ac.lk/</a>",Colombo,6.927079,79.861243Joseph Fraser Memorial Hospital (1 week)</p> <p>Colombo South (Kalubowila) Teaching Hospital (2 weeks)</p> <p>Kurunegala Teaching Hospital (1 week),Colombo and Kurunegala.,Sri Lanka,Colombo South (Kalubowila) Teaching Hospital: http://www.sjp.ac.lk/fms/index.php/csth?id=16</p> <p>Kurunegala Teaching Hospital: http://www.kurunegalahospital.health.gov.lk/en/,Colombo and Kurunegala.,7.456289,80.346172University of Colombo,"Colombo, Sri Lanka",Sri Lanka,http://www.cmb.ac.lk/,"Colombo, Sri Lanka神",6.914691,79.872425Karapitiya Teaching Hospital,Galle,Sri Lanka,http://www.medi.ruh.ac.lk/,Galle,6.053519,80.220977"Faculty of Medicine, University of Ruhuna.",Galle,Sri Lanka,Www.medi.ruh.ac.lk,Galle,6.053519,80.220977"Karapitiya Hospital, Galle, Sri Lanka",Galle,Sri Lanka,none,Galle,6.053519,80.220977"Karapitiya Hospital, University of Ruhuna",Galle,Sri Lanka,deanmedruh@sltnet.lk,Galle,6.053519,80.220977Karapitiya Teaching Hospital,Galle,Sri Lanka,http://www.medi.ruh.ac.lk/index.php/elective-program-home,Galle,6.053519,80.220977"Karapitiya Teaching Hospital, University of Ruhuna, Sri Lanka",Galle,Sri Lanka,"<a href=""http://www.medi.ruh.ac.lk"" rel=""nofollow"">http://www.medi.ruh.ac.lk</a>",Galle,6.053519,80.220977University of Ruhuna,Galle,Sri Lanka,http://www.medi.ruh.ac.lk/,Galle,6.053519,80.220977"University of Ruhuna, Sri Lanka","Galle, Southern Province, Sri Lanka",Sri Lanka,<strong>www.ruh.ac.lk</strong>,"Galle, Southern Province, Sri Lanka",6.053519,80.220977Karapitiya Teaching Hospital+Mahamodera Maternity Hospital,"Galle, Sri Lanka",Sri Lanka,N/A,"Galle, Sri Lanka",6.053519,80.220977Karapitiya Teaching Hospital,"Galle, Sri Lanka",Sri Lanka,deanmedruh@sltnet.lk,"Galle, Sri Lanka",6.053519,80.220977Kandy General Hospital,Kandy,Sri Lanka,www.kandy-hospital.health.gov.lk</p> <br> <p>https://www.mariecurie.org.uk/help/hospice-care/hospices/cardiff/about <br>,"Kandy, Sri Lanka",7.290572,80.633726"Karapitiya Teaching Hospital, Faculty of medicine, University of Ruhuna","Karapitiya, Galle",Sri Lanka,http://www.medi.ruh.ac.lk,"Karapitiya, Galle神",6.070582,80.22516"University of Ruhuna, Karapitiya Hospital","Karapitiya, Galle",Sri Lanka,http://www.medi.ruh.ac.lk/,"Karapitiya, Galle",6.070582,80.22516"Karapitiya Teaching Hospital, University of Ruhunu","Galle, Sri Lanka (please refer to <a href=""https://www.gov.uk/government/world/sri-lanka"" rel=""nofollow"">https://www.gov.uk/government/world/sri-lanka</a>)",Sri Lanka,"University of Ruhunu (please refer to <a href=""http://www.ruh.ac.lk/"" rel=""nofollow"">http://www.ruh.ac.lk/</a>)","Galle, Sri Lanka (please refer to <a href=https://www.gov.uk/government/world/sri-lanka"" rel=""nofollow"">https://www.gov.uk/government/world/sri-lanka</a>)""",6.070582,80.22516"Department of Surgery, Victoria Hospital",Castries,St Lucia,,"Castries, St Lucia",14.010109,-60.987469Victoria Hospital,Castries,St Lucia,n/a,"Castries, St Lucia",14.010109,-60.987469Victoria Hospital,Castries,St Lucia,"<div class=""ms-rtestate-field"" style=""word-wrap: break-word;display: inline;""> <div style=""word-wrap: break-word;display: inline;""> <div style=""text-align: right;""><strong>Lisa Charles &lt;vhmddirector@gmail.com&gt;<br> </strong></div> </div> </div>","Castries, St Lucia",14.010109,-60.987469Victoria Hospital,Castries,St Lucia,n/a,"Castries, St Lucia",14.010109,-60.987469Victoria Hospital,Castries,St Lucia,<Unanswered>,"Castries, St Lucia",14.010109,-60.987469Victoria Hospital,Castries,St Lucia,N/A,"Castries, St Lucia",14.010109,-60.987469Victoria Hospital St Lucia,Castries,St Lucia,N/A,"Castries, St Lucia",14.010109,-60.987469"Victoria Hospital, St Lucia",Castries,St Lucia,vhmddirector@gmail.com,"Castries, St Lucia",14.010109,-60.987469Victoria Hospital,"Castries, Saint Lucia. This is the capital of Saint Lucia.",St Lucia,There is no web address.,"Castries, Saint Lucia. This is the capital of Saint Lucia.神",13.909444,-60.978893"Victoria General Hospital, St Lucia","Castries, St Lucia",St Lucia,n/a,"Castries, St Lucia",14.010109,-60.987469"Victoria Hospital, Castries","Castries, St Lucia",St Lucia,http://www.electives.net/hospital/2883/preview,"Castries, St Lucia神",14.010109,-60.987468"Victoria Hospital, St Lucia","Castries, St Lucia",St Lucia,N/A,"Castries, St Lucia",14.010109,-60.987469Victoria Hospital,"Saint Lucia, Castries",St Lucia,N/A,"Saint Lucia, Castries",14.010109,-60.987469"Victoria Hospital, St Lucia.","Castries, St Lucia.",St Lucia,No official website -http://www.electives.net/hospital/2883/preview,"Castries, St Lucia.",14.010109,-60.987469Victoria Hospital - St. Lucia,Castries,St Lucia,n/a,"Castries, St Lucia",14.010109,-60.987469Milton Cato Memorial Hospital,"Kingstown, St Vincent",St Vincent and The Grenadines,n/a,"Kingstown, St Vincent",13.12717,-61.190629"Milton Cato Memorial HospitAl, St Vincent","Kingstown, St Vincent",St Vincent and the Grenadines,-,"Kingstown, St Vincent",13.12717,-61.190629"Gallivare Hospital, Gallivare","Gallivare, Norbottens, Sweden",Sweden,http://www.nll.se/gallivaresjukhus,"Gallivare, Norbottens, Sweden",67.1379,20.659362Centre Hospitalier Universitaire Vaudois (Switzerland),"Lausanne, Switzerland",Switzerland,http://www.chuv.ch/,"Lausanne, Switzerland",46.519962,6.633597Mount Meru Hospital,Arusha,Tanzania,Not applicable,Arusha,-3.372301,36.694414Mt Meru Hospital,Arusha,Tanzania,Elective Africa http://electiveafrica.com/programs/medical,Arusha,-3.372301,36.694414Mt Meru Hospital,Arusha,Tanzania,http://eol.habari.co.tz/mt-meru-hosp.htm,Arusha,-3.372301,36.694414Mount Meru Regional Hospital,"Arusha, Tanzania",Tanzania,N/A,"Arusha, Tanzania",-3.372301,36.694414Amana Hospital (Tanzania),Dar Es Salaam,Tanzania,,"Dar Es Salaam, Tanzania",-6.8,39.283333Muhimbili National Hospital and Kidodi Village Hospital,Dar Es Salaam and Kidodi Village,Tanzania,"The placement was organised by Work The World (www.worktheworld.co.uk)</p> <p>The hospital has its own website:<span style=""color: rgb(0,102,33);font-family: arial , sans-serif;font-size: 14.0px;font-style: normal;line-height: 16.0px;white-space: nowrap;background-color: rgb(255,255,255);"">www.mnh.or.tz</span>",Dar Es Salaam and Kidodi Village,-6.8,39.283333"Muhimbili National Hospital, Dar es Salaam, Tanzania (3 weeks)</p> <p>Kidodi Healthcare Clinic, Kidodi Village, Tanzania (1 week)","Dar es Salaam, Tanzania</p> <p>Kidodi village, Tanzania",Tanzania,"Placement with host institutions was organised by an electives company, Work the World. Their website can be found at: www.worktheworld.co.uk/</p> <p>The host institution we were primarily based with, Muhimbili National Hospital, has a website which can be found at this address:http://www.mnh.or.tz","Dar es Salaam, Tanzania</p> <p>Kidodi village, Tanzania",-6.8,39.283333Kilimatinde Hospital and Manyoni District Hospital,Kilimatinde and Manyoni in the Singida region,Tanzania,http://www.kilimatindetrust.org.uk/the-hospital/,Kilimatinde and Manyoni in the Singida region,-5.8335,34.964443Kilimatinde Hospital,"Kilimatinde village, Manyoni District, Singida Region of Central Tanzania",Tanzania,http://www.kilimatinde.org/,"Kilimatinde village, Manyoni District, Singida Region of Central Tanzania",-5.8335,34.964443Mnazi Mmoja Hospital,"Stone Town, Zanzibar",Tanzania,not available,"Stone Town, Zanzibar",-6.162222,39.192073Mnazi Mmoja Hospital,"Stone Town, Zanzibar",Tanzania,Not available,"Stone Town, Zanzibar",-6.162222,39.192073Mnazi Mmoja Hospital,"Stone Town, Zanzibar",Tanzania,Unavailable,"Stone Town, Zanzibar",-6.162222,39.192073"Mnazi Mmoja Hospital, Zanzibar","Unguja Island, Zanzibar",Tanzania,mnazimmoja.blogspot.co.uk,"Unguja Island, Zanzibar",-6.165917,39.202641"Kilimatinde Hospital, rural Tanzania","Kilimatinde, Singita region. Tanzania.",Tanzania,www.kilimatindetrust.org.uk,"Kilimatinde, Singita region. Tanzania.神",-5.8335,34.964443Southland Clinic,Koh Phangan,Thailand,http://www.kohphanganthailand.com/health-clinics/southland-medical-clinic.htm,Koh Phangan,9.731875,100.013593Southland Clinic,Koh Phangan,Thailand,http://www.kohphanganthailand.com/health-clinics/southland-medical-clinic.htm,Koh Phangan,9.731875,100.013593Mae Tao Clinic,Mae Sot,Thailand,www.maetaoclinic.org,Mae Sot,16.712405,98.574665Princess Margaret Hospital,Nassau,The Bahamas,http://pmh.phabahamas.org/contact-us/,Nassau神,25.06,-77.345Princess Margert Hospital,"Nassau, Bahamas.",The Bahamas,http://pmh.phabahamas.org/,"Nassau, Bahamas.神",25.06,-77.345Perpertual Succour Hospital,Cebu,The Philippines,www.phscebu.ph,Cebu,10.315699,123.885437Scarborough General Hospital,"Scarborough, Tobago.",Tobago,http://trha.co.tt/delta/,"Scarborough, Tobago.",11.183333,-60.7375Scarborough Regional Hospital,"Scaeborough, Tobago",Tobago,Not applicable,"Scaeborough, Tobago",11.183333,-60.7375Scarborough General Hospital,Scarborough,Tobago,mcos.assistant.trha@gmail.com,"Scaeborough, Tobago",11.183333,-60.7375Scarborough General Hospital,Scarborough,Tobago,http://trha.co.tt/delta/,"Scaeborough, Tobago",11.183333,-60.7375Scarborough General Hospital,"Scarborough, Tobago",Tobago,http://trha.co.tt/delta/,"Scarborough, Tobago",11.183333,-60.7375Scarborough General Hospital,"Scarborough <div style=""display: none;""></div> <div style=""display: none;""></div> <div style=""display: none;""></div> <div style=""display: none;""></div>",Tobago,"http://trha.co.tt/delta/ <div style=""display: none;""></div> <div style=""display: none;""></div> <div style=""display: none;""></div> <div style=""display: none;""></div>","Scarborough, Tobago",11.183333,-60.7375Scarborough General Hospital,Scarborough,Tobago,http://trha.co.tt/delta/,"Scarborough, Tobago",11.183333,-60.7375"Scarborough General Hospital, Tobago Regional Health Authority, Trinidad and Tobago","Scarborough, Tobabgo, Trinidad and Tobago, West Indies</p> <p>http://trha.co.tt/delta/",Tobago,http://trha.co.tt/delta/,"Scarborough, Tobago",11.183333,-60.7375"Vaiola Hospital, Tongatapu</p> <p>Prince Wellington Ngu Hospital, Vava'u",Nuku'alofa,Tonga,"<cite class=""_Rm"">www.<b>tonga</b>health.org/#!contact/c1z0x</cite>",Nuku'alofa,-21.133333,-175.2Vaiola Hospitaland Prince Wellington NGU Hospital,Nuku'alofa and Vava'u,Tonga,N/A,Nuku'alofa and Vava'u,-18.581196,-173.985008"Vaiola Hospital, Tongatapu",Nuku'alofa in Tongatapu,Tonga,not applicable,Nuku'alofa in Tongatapu,-21.133333,-175.2Vaiola Hospital and community Hospital in Va'vau,Nuku'alofa Tonga,Tonga,N/A,Nuku'alofa Tonga,-21.133333,-175.2"Vaiola Hospital, nuku'alofa, Tonga ","nuku'alofa, Tonga",Tonga,N/a,Nuku'alofa,-21.133333,-175.2"Vaiola Hospital, Tongatapu, Tonga</p> <p>Prince Wellington Ngu, Vava'u, Tonga",Tongatapu and Vava'u,Tonga,Not available,Tongatapu and Vava'u,-18.581196,-173.985008"Vaiola Hospital, Vaiola Rd, Nuku'alofa, Tonga</p> <p>Prince Wellington Ngu Hospital, Vava'u, Tonga","Vaiola Hospital - Nuku'alofa, Tongatapu</p> <p>Prince Wellington Hospital - Vava'u",Tonga,"<br> <a href=""mailto:sesi.lausii@gmail.com"" rel=""nofollow"" rel=""nofollow"">sesi.lausii@gmail.com</a>","Vaiola Hospital - Nuku'alofa, Tongatapu</p> <p>Prince Wellington Hospital - Vava'u",-18.581196,-173.985008Peebles Hospital,Road Town,"Tortola, British Virgin Islands",http://www.bvihsa.vg/,Road Town,18.431389,-64.623056"Scarborough General Hospital, Tobago","Scarborough, Tobago, Trinidad &amp; Tobago",Trinidad and Tobago,http://trha.co.tt/delta/,"Scarborough, Tobago, Trinidad &amp; Tobago",11.231771,-60.698199Scarborough General Hospital,Scarborough,Trinidad and Tobago,n/a,Scarborough,54.283113,-0.399752Scarborough General Hospital,"Scarborough, Tobago",Trinidad and Tobago,N/A,"Scarborough, Tobago",11.183333,-60.7375Scarborough General Hospital,"Scarborough, Tobago",Trinidad and Tobago,"No, but contactable by phone. <span style=""color: rgb(0,0,0);font-family: Arial;font-size: 12.0px;font-style: normal;font-variant: normal;font-weight: normal;letter-spacing: normal;line-height: normal;text-indent: 0.0px;text-transform: none;white-space: normal;widows: 1;word-spacing: 0.0px;"">(868)-660-4SGH</span><br style=""color: rgb(85,85,85);font-family: Arial;font-size: 12.0px;font-style: normal;font-variant: normal;font-weight: normal;letter-spacing: normal;line-height: normal;text-indent: 0.0px;text-transform: none;white-space: normal;widows: 1;word-spacing: 0.0px;""><span style=""color: rgb(0,0,0);font-family: Arial;font-size: 12.0px;font-style: normal;font-variant: normal;font-weight: normal;letter-spacing: normal;line-height: normal;text-indent: 0.0px;text-transform: none;white-space: normal;widows: 1;word-spacing: 0.0px;"">                             (868)-660-4744</span>","Scarborough, Tobago",11.183333,-60.7375Scarborough General Hostpital,"Scarborough, Tobago",Trinidad and Tobago,http://trha.co.tt/delta/,"Scarborough, Tobago神",11.231771,-60.698199Jinja Referral Hospital,Jinja,Uganda,Not available,"Jinja, Uganda",0.424444,33.204167Kagando Hospital,"Kasese district, Western Uganda",Uganda,"<a href=""http://www.kagando.org/giving/volunteer-a-student-information"" rel=""nofollow"">http://www.kagando.org/giving/volunteer-a-student-information</a></p> <p></p> <p><a href=""http://www.friendsofkagando.org.uk/"" rel=""nofollow"">http://www.friendsofkagando.org.uk/</a>","Kasese district, Western Uganda",0.064628,30.066524Soroti Regional Referral Hospital,Soroti,Uganda,N/A,Soroti,1.715,33.611111Helminth Control Laboratory Unguja,"Stonetown, Unguja island, Zanzibar, Tanzania",Tanzania,Not available,"Stonetown, Unguja island, Zanzibar, Tanzania",-6.15791,39.191998"Wolfson Wellcome Biomedical Laboratories, Department of Life Sciences, Natural History Museum","Stonetown, Unguja island, Zanzibar, Tanzania",Tanzania,Not available,"Stonetown, Unguja island, Zanzibar, Tanzania",-6.15791,39.191998"Skull Base Lab, Neurosciece Department, Cornell University (New York)",New York City,United Stated of America,First four weeks:http://weillcornellbrainandspine.org/skull-base-lab</p> <br> <p>Second two weeks:http://nymemorycenter.org,New York City,40.712784,-74.005941New York Memory Centre,New York City,United Stated of America,First four weeks:http://weillcornellbrainandspine.org/skull-base-lab</p> <br> <p>Second two weeks:http://nymemorycenter.org,New York City,40.712784,-74.005941"Tanana Chief Conference, Chief Andrew Isaac Medical Center","Fairbanks, Alaska",United Stated of America,http://www.tananachiefs.org,"1. Tokyo , Japan",64.845361,-147.743641Baylor College of Medicine / Texas Children's Hospital,"Houston, Texas",United Stated of America,"<a href=""https://www.bcm.edu/"" rel=""nofollow"">https://www.bcm.edu/</a></p> <p><a href=""http://www.texaschildrens.org/"" rel=""nofollow"">http://www.texaschildrens.org/</a></p> <p>","Houston, Texas",29.760427,-95.369803Yale New Haven Hospital,"New Haven, Connecticut",United Stated of America,http://medicine.yale.edu/,"New Haven, Connecticut",41.308274,-72.927883Weill Cornell Medical College,New York City,United Stated of America,"<a href=""https://www.google.com/url?sa=t&rct=j&q=&esrc=s&source=web&cd=1&cad=rja&uact=8&ved=0CCIQFjAA&url=http%3A%2F%2Fweillcornellbrainandspine.org%2Fskull-base-lab&ei=P481VYO2Oo7joASPhYCIBg&usg=AFQjCNEWz2dsz5ajPjo6t05duR5kVU8CxQ&sig2=j0RsJiu1nPfd7fMQDrXPfQ&bvm=bv.91386359,d.cGU"" rel=""nofollow"">The Skull Base Lab | Weill Cornell Brain and Spine Center</a>",New York City,40.712784,-74.005941Beth Israel Deaconness Medical Center,Boston,United States of America,www.bidmc.org,Boston,42.360083,-71.05888Lyndon B. Johnson General Hospital,"Houston, TX",United States of America,"Project 1: jamie.d.munsinger@uth.tmc.edu (Office of Admission and Student Affairs at University of Texas Health Science Center at Houston, TX, USA).</p> <p>Project 2: aieridou@mphs.moh.gov.cy(Health Services Senior Officer at the Nicosia, General Hospital, Nicosia, Cyprus).<a class=""o365button"" style=""background-color: rgb(255,255,255);border-width: 0.0px;padding: 0.0px;cursor: pointer;font-size: 14.0px;color: rgb(0,0,0);font-family: wf_segoe-ui_normal , &quot;Segoe UI&quot; , &quot;Segoe WP&quot; , Tahoma , Arial , sans-serif;font-style: normal;font-variant: normal;font-weight: normal;letter-spacing: normal;line-height: normal;orphans: 2;text-indent: 0.0px;text-transform: none;white-space: nowrap;widows: 2;word-spacing: 0.0px;"" rel=""nofollow""><span class=""_rpc_s1 ms-font-s allowTextSelection _rpc_S1 ms-font-color-themePrimary"" style=""color: rgb(145,24,68);font-family: wf_segoe-ui_normal , &quot;Segoe UI&quot; , &quot;Segoe WP&quot; , Tahoma , Arial , sans-serif;font-size: 12.0px;font-weight: normal;""><br>  </span></a>","Houston, TX",29.760427,-95.369803Johns Hopkins School of Medicine <br>,"Baltimore, Maryland MD 21205 <br>",United States of America,"<ol> <li><a href=""http://www.hopkinsmedicine.com/som/"" rel=""nofollow"">www.hopkinsmedicine.com/som/</a> </ol> <br>","Baltimore, Maryland MD 21205 <br>",39.297529,-76.594788Bellevue Hospital Center,"Manhatten, New York, New York",United States of America,N/A,"Manhatten, New york, New York</p> <br> <p>Bro Cerwyn, Haverfordwest, Pembrokeshire",51.875708,-4.939193Northern Provinicial Hospital,Espiritu Santo,Vanuatu,N/A,"Espiritu Santo, Vanuatu",-15.300355,166.91821Port Vila Central Hospital,"Port Vila, Efate (Island), Vanuatu",Vanuatu,N/A,"Port Vila, Efate (Island), Vanuatu",-17.733251,168.327325Port Vila Central Hospital,Port Vila,Vanuatu,"<a href=""http://www.electives.net/hospital/3131/preview"" rel=""nofollow"">http://www.electives.net/hospital/3131/preview</a>(closest thing)",Port Vila,-17.733251,168.327325UHW,Heath campus,Wales,Cardiff.ac.Uk,Heath campus神,51.580143,0.118118Doctors Accademy,"Doctors Accademy UK, South Wales",Wales,http://www.doctorsacademy.org/,"South Wales, UK",52.130661,-3.783712University Hospital Wales,South Wales,Wales,n/a,South Wales,52.130661,-3.783712University Hospital of Wales,Cardiff,Wales,"<a href=""http://www.cardiffandvaleuhb.wales.nhs.uk/home"" rel=""nofollow"" rel=""nofollow"">http://www.cardiffandvaleuhb.wales.nhs.uk/home</a>",Cardiff,51.481581,-3.17909University Hospital of Wales,Cardiff,Wales,http://www.cardiffandvaleuhb.wales.nhs.uk/our-hospitals,Cardiff,51.481581,-3.17909Hywel Dda University Health Board in collaboration with the universities of Aberystwyth and Swansea,"Carmarthenshire, South Wales",Wales,www.wales.nhs.uk/siteplus/862/home,"Carmarthenshire, South Wales",51.859854,-4.260853Pembrokeshire Community Mental Health Team,"Bro Cerwyn, Haverfordwest, Pembrokeshire",Wales,,"Haverfordwest, Pembrokeshire",51.800475,-4.971319Cardiff University,Cardiff,Wales,http://medicine.cf.ac.uk/primary-care-public-health/,Cardiff,51.481581,-3.17909Princess of Wales Hospital,Bridgend,Wales,NA,Bridgend,51.504286,-3.576945Ysbyty Ystrad Fawr,Caerphily,Wales,Www.wales.nhs.uk/sitesplus/866/page/58116,"Caerphilly, Wales",51.578829,-3.218134"Anaesthetics Department, University Hospital of Wales, Cardiff",Cardiff,Wales,http://www.cardiffandvaleuhb.wales.nhs.uk/anaesthetics-department,Cardiff,51.481581,-3.17909Cardiff Heath Hospital Department of ENT,Cardiff,Wales,www.Cardiff.ac.uk,Cardiff,51.481581,-3.17909"Cardiff Royal Infirmary, Cardiff, Wales, United Kingdom",Cardiff,Wales,http://www.cardiffandvaleuhb.wales.nhs.uk/sexual-health,Cardiff,51.481581,-3.17909Cardiff University School of Biosciences,Cardiff,Wales,http://www.cardiff.ac.uk/research,Cardiff,51.481581,-3.17909University Hospital of Wales,Cardiff,Wales,www.cardiffandvaleuhb.wales.nhs.uk,,51.481581,-3.17909"Alzheimer's Disease Research Department, Hadyn Ellis Building",Cardiff,Wales,"Email address: <a href=""mailto:adresearch@cardiff.ac.uk"" rel=""nofollow"">adresearch@cardiff.ac.uk</a>","Cardiff, Wales",51.481581,-3.17909Royal Glamorgan Hospital,LLantrisant,Wales,http://www.cwmtafuhb.wales.nhs.uk/royal-glamorgan-hospital,LLantrisant,51.542919,-3.374953Royal Glamorgan Hospital,"Llantrisant , Mid Glamorgan",Wales,"<ul> <li style=""margin-left: 18.0pt;""><a href=""http://www.cwmtafuhb.wales.nhs.uk/royal-glamorgan-hospital"" rel=""nofollow"" rel=""nofollow"">http://www.cwmtafuhb.wales.nhs.uk/royal-glamorgan-hospital<br><br><br><img src=""http://i1348.photobucket.com/albums/p737/Mathew_Rogers/royal%20glam%20website_zpsm42zungf.png"" alt=""Royal Glamogan Website"" width=""520"" height=""261""><br><br>(Royal Glamorgan Website)<br><br><br></a> <li style=""margin-left: 18.0pt;"">http://www.nhslothian.scot.nhs.uk/GoingToHospital/Locations/WGH/Pages/default.aspx<br><br><img src=""http://i1348.photobucket.com/albums/p737/Mathew_Rogers/western%20general%20website_zpsh76tnjll.png"" alt=""Western General Website"" width=""519"" height=""262""><br><br>(Western General Hospital Website) </ul> <br>",Llantrisant ,51.542919,-3.374953Princess of Wales Hospital,Bridgend,Wales,http://www.wales.nhs.uk/sitesplus/863/page/39377,Bridgend,51.504286,-3.576945University Hospital of Wales,Cardiff,Wales,www.pah.org.za,Cardiff - Wales and Pretoria - South Africa,51.481581,-3.17909Royal Gwent Newport,Newport,Wales,<cite>www.wales.nhs.uk/sitesplus/866</cite>,"Newport, Wales",51.584151,-2.997664"Caswell Clinic, Glanrhyd Hospital",Bridgend,Wales,<Unanswered>,"Bridgend, Wales",51.504286,-3.576945University Hospital Wales,Cardiff,Wales,"<cite class=""_Rm"">www.wales.nhs.uk</cite>",Cardiff,51.481581,-3.17909Royal Glamorgan Hospital,Llantrisant,Wales,http://www.cwmtafuhb.wales.nhs.uk/royal-glamorgan-hospital,"Llantrisant, South Wales, UK.",51.542919,-3.374953Swansea University - Institute of Life Sciences,"Swansea University, Swansea, Wales, UK",Wales,http://www.swansea.ac.uk/ils/,"Swansea University, Swansea, Wales, UK",51.607725,-3.978611University Hospital of Wales,Cardiff,Wales,http://www.cardiffandvaleuhb.wales.nhs.uk/home,Cardiff,51.481581,-3.17909Holme Towers,Penarth,Wales,,"Penarth, Wales",51.438798,-3.173507National University of Samoa -Tupua Tamasese Meaole Hospital,"Apia, Samoa",Western Samoa,http://www.oceaniamed.org/,"Apia, Samoa",-13.833333,-171.75Mutare Provincial Hospital,"Mutare, Manicaland",Zimbabwe,N/A,"Mutare, Manicaland",-18.966667,32.633333Mutare Provincial Hospital,"Mutare, Manicaland Province",Zimbabwe,n/a,"Mutare, Manicaland",-18.966667,32.633333